name_image,steering
2024-06-13 15-15-17.png,-2.893442063531903e-12
2024-06-13 15-15-17.png,4.5172098756644977e-11
2024-06-13 15-15-18.png,9.030848430982164e-11
2024-06-13 15-15-18.png,1.6786297827936001e-10
2024-06-13 15-15-18.png,2.3268857163591343e-10
2024-06-13 15-15-18.png,2.961858694157408e-10
2024-06-13 15-15-19.png,3.57866277955555e-10
2024-06-13 15-15-19.png,4.1662350778371046e-10
2024-06-13 15-15-19.png,1.3912906083016432e-11
2024-06-13 15-15-20.png,-3.351848607921125e-11
2024-06-13 15-15-20.png,-5.410432097155657e-11
2024-06-13 15-15-21.png,-5.233491713381748e-11
2024-06-13 15-15-21.png,-5.259589521185752e-11
2024-06-13 15-15-21.png,-5.25661001455734e-11
2024-06-13 15-15-22.png,-5.256378346263177e-11
2024-06-13 15-15-22.png,-5.256323247590521e-11
2024-06-13 15-15-22.png,-5.256300946483569e-11
2024-06-13 15-15-23.png,-5.256340020698408e-11
2024-06-13 15-15-23.png,-5.2563070827264053e-11
2024-06-13 15-15-23.png,-5.2562759726620906e-11
2024-06-13 15-15-23.png,-5.256360199013739e-11
2024-06-13 15-15-24.png,-5.25639145765028e-11
2024-06-13 15-15-24.png,-5.2565138752021254e-11
2024-06-13 15-15-24.png,-5.2562094327964554e-11
2024-06-13 15-15-25.png,-5.2565483836062997e-11
2024-06-13 15-15-25.png,-5.2564131458018394e-11
2024-06-13 15-15-25.png,-5.256261098358549e-11
2024-06-13 15-15-26.png,-5.256469583088307e-11
2024-06-13 15-15-26.png,-5.256171712086003e-11
2024-06-13 15-15-26.png,-0.018605479065990534
2024-06-13 15-15-27.png,-0.0009245375690062385
2024-06-13 15-15-27.png,0.014837489875685284
2024-06-13 15-15-27.png,0.0007371796673780464
2024-06-13 15-15-28.png,3.750982633754479e-05
2024-06-13 15-15-28.png,1.733863055158013e-06
2024-06-13 15-15-28.png,7.173647237782918e-08
2024-06-13 15-15-28.png,4.720384365337058e-09
2024-06-13 15-15-29.png,1.4168512466225704e-10
2024-06-13 15-15-29.png,-1.5469087799047038e-10
2024-06-13 15-15-29.png,-7.855935430169114e-11
2024-06-13 15-15-30.png,1.994505302236513e-12
2024-06-13 15-15-30.png,0.007442142770101046
2024-06-13 15-15-30.png,0.000369669850452959
2024-06-13 15-15-31.png,1.8799798044514485e-05
2024-06-13 15-15-31.png,8.698878183147087e-07
2024-06-13 15-15-31.png,3.598678272294718e-08
2024-06-13 15-15-32.png,2.3055082630470177e-09
2024-06-13 15-15-32.png,6.784341624290635e-11
2024-06-13 15-15-32.png,-3.129523181157655e-11
2024-06-13 15-15-33.png,4.510510645034465e-11
2024-06-13 15-15-33.png,0.007442143253805404
2024-06-13 15-15-33.png,0.0003696706352021098
2024-06-13 15-15-33.png,1.8800653743543308e-05
2024-06-13 15-15-34.png,0.018606350603823915
2024-06-13 15-15-34.png,0.008366377943675219
2024-06-13 15-15-34.png,-0.018187701663136966
2024-06-13 15-15-35.png,-0.004624248381927707
2024-06-13 15-15-35.png,-0.00023087747228823656
2024-06-13 15-15-35.png,-1.1533323956203591e-05
2024-06-13 15-15-36.png,-5.234617013832858e-07
2024-06-13 15-15-36.png,-2.5067380307733036e-08
2024-06-13 15-15-36.png,-2.5859330380758144e-09
2024-06-13 15-15-37.png,-8.49553653010658e-10
2024-06-13 15-15-37.png,-5.286211810797814e-10
2024-06-13 15-15-37.png,-2.3302145151051176e-10
2024-06-13 15-15-38.png,8.879930542624415e-11
2024-06-13 15-15-38.png,-0.022326384055884073
2024-06-13 15-15-38.png,-0.001109934135375734
2024-06-13 15-15-39.png,0.022269963927730643
2024-06-13 15-15-39.png,0.0011073257188078936
2024-06-13 15-15-39.png,-0.011106964753775
2024-06-13 15-15-40.png,-0.0005519080692157037
2024-06-13 15-15-40.png,-2.8091912121518685e-05
2024-06-13 15-15-40.png,-1.2977966912365975e-06
2024-06-13 15-15-40.png,-5.3936248934589804e-08
2024-06-13 15-15-41.png,-3.938425665567413e-09
2024-06-13 15-15-41.png,-5.231033638966705e-10
2024-06-13 15-15-41.png,-0.026047446403455132
2024-06-13 15-15-42.png,-0.0012953388346323758
2024-06-13 15-15-42.png,-0.022392239006499875
2024-06-13 15-15-42.png,-0.0011129765379242081
2024-06-13 15-15-43.png,-0.03354658446138076
2024-06-13 15-15-43.png,-0.027715170804381906
2024-06-13 15-15-43.png,-0.07210290898464829
2024-06-13 15-15-44.png,-0.05941428107697287
2024-06-13 15-15-44.png,-0.07368598683092036
2024-06-13 15-15-44.png,-0.025997911383978698
2024-06-13 15-15-45.png,-0.016179399246205033
2024-06-13 15-15-45.png,-0.0305750181067257
2024-06-13 15-15-45.png,-0.08714661610668464
2024-06-13 15-15-46.png,-0.11981302763710353
2024-06-13 15-15-46.png,-0.06552420623556197
2024-06-13 15-15-46.png,-0.06281628074206491
2024-06-13 15-15-46.png,-0.11859577710441171
2024-06-13 15-15-47.png,-0.0878093307748405
2024-06-13 15-15-47.png,-0.1235831428920198
2024-06-13 15-15-47.png,-0.10670081885348431
2024-06-13 15-15-48.png,-0.04997903303928931
2024-06-13 15-15-48.png,-0.0024934400361394226
2024-06-13 15-15-48.png,-0.00012535352300309987
2024-06-13 15-15-49.png,-0.033495774674431614
2024-06-13 15-15-49.png,-0.09101947347545594
2024-06-13 15-15-49.png,-0.0827076616476166
2024-06-13 15-15-50.png,-0.06366968107970065
2024-06-13 15-15-50.png,-0.029218414143564138
2024-06-13 15-15-50.png,-0.008896579408253353
2024-06-13 15-15-51.png,-0.06371171301157441
2024-06-13 15-15-51.png,-0.12237239995113044
2024-06-13 15-15-51.png,-0.09172568721974018
2024-06-13 15-15-52.png,-0.03434520871135618
2024-06-13 15-15-52.png,-0.0017117507069735463
2024-06-13 15-15-52.png,-8.587491365240444e-05
2024-06-13 15-15-53.png,-0.026051392518620955
2024-06-13 15-15-53.png,-0.0012955221433172885
2024-06-13 15-15-53.png,-6.586129076783289e-05
2024-06-13 15-15-53.png,-0.01860852222914533
2024-06-13 15-15-54.png,-0.0009246631692179899
2024-06-13 15-15-54.png,-4.701595624774171e-05
2024-06-13 15-15-54.png,-2.169432011737109e-06
2024-06-13 15-15-55.png,-8.346496189823112e-08
2024-06-13 15-15-55.png,1.0209311234034964e-09
2024-06-13 15-15-55.png,5.888187061834328e-09
2024-06-13 15-15-56.png,4.537337956749404e-09
2024-06-13 15-15-56.png,2.108464036005012e-09
2024-06-13 15-15-56.png,-6.188495995406886e-10
2024-06-13 15-15-57.png,-3.2660916864542247e-09
2024-06-13 15-15-57.png,-5.470271694737415e-09
2024-06-13 15-15-57.png,-6.927638181906789e-09
2024-06-13 15-15-58.png,-7.437528254013003e-09
2024-06-13 15-15-58.png,-6.9298822202207365e-09
2024-06-13 15-15-58.png,-5.474845162593117e-09
2024-06-13 15-15-59.png,-3.2730636295710776e-09
2024-06-13 15-15-59.png,-6.280298358921182e-10
2024-06-13 15-15-59.png,2.095758587935723e-09
2024-06-13 15-15-59.png,4.5230302525761555e-09
2024-06-13 15-16-00.png,6.319426177371295e-09
2024-06-13 15-16-00.png,7.237587689254888e-09
2024-06-13 15-16-00.png,7.151199015015793e-09
2024-06-13 15-16-01.png,6.072351583031127e-09
2024-06-13 15-16-01.png,4.149890921865389e-09
2024-06-13 15-16-01.png,1.6488427223543558e-09
2024-06-13 15-16-02.png,-1.086110358025199e-09
2024-06-13 15-16-02.png,-3.6781113968020807e-09
2024-06-13 15-16-02.png,-5.770093729764119e-09
2024-06-13 15-16-03.png,-7.073937466297233e-09
2024-06-13 15-16-03.png,-7.410174582522803e-09
2024-06-13 15-16-03.png,-6.7326763024741295e-09
2024-06-13 15-16-04.png,-5.134991471961034e-09
2024-06-13 15-16-04.png,-2.8374213017846235e-09
2024-06-13 15-16-04.png,-1.5665152035925656e-10
2024-06-13 15-16-05.png,2.5379130260312627e-09
2024-06-13 15-16-05.png,4.875023029687168e-09
2024-06-13 15-16-05.png,-0.02976868797324118
2024-06-13 15-16-06.png,-0.0014807493675158012
2024-06-13 15-16-06.png,-7.525551112945496e-05
2024-06-13 15-16-06.png,-3.4705601926416883e-06
2024-06-13 15-16-06.png,-1.4071146169221478e-07
2024-06-13 15-16-07.png,-8.542544404267689e-09
2024-06-13 15-16-07.png,-2.5494044498390167e-09
2024-06-13 15-16-07.png,-4.914667604806086e-09
2024-06-13 15-16-08.png,-7.320843530319761e-09
2024-06-13 15-16-08.png,-8.726474873865912e-09
2024-06-13 15-16-08.png,-8.934444570241574e-09
2024-06-13 15-16-09.png,-7.919044264943628e-09
2024-06-13 15-16-09.png,0.011163274908216843
2024-06-13 15-16-09.png,0.0005545068789295322
2024-06-13 15-16-10.png,2.8200603238238178e-05
2024-06-13 15-16-10.png,1.3085970450945077e-06
2024-06-13 15-16-10.png,0.0037211183569565163
2024-06-13 15-16-11.png,0.00018484531861331677
2024-06-13 15-16-11.png,9.408357588213335e-06
2024-06-13 15-16-11.png,4.4269274215342223e-07
2024-06-13 15-16-12.png,2.4199969933648867e-08
2024-06-13 15-16-12.png,4.957357203714581e-09
2024-06-13 15-16-12.png,0.007442143820128407
2024-06-13 15-16-13.png,0.000369667995882134
2024-06-13 15-16-13.png,0.011182076622059141
2024-06-13 15-16-13.png,0.015439873741957932
2024-06-13 15-16-13.png,0.0007675858140251394
2024-06-13 15-16-14.png,3.890214029226925e-05
2024-06-13 15-16-14.png,1.789454117936195e-06
2024-06-13 15-16-14.png,7.238782335799905e-08
2024-06-13 15-16-15.png,3.573385314362364e-09
2024-06-13 15-16-15.png,1.0329954185244205e-09
2024-06-13 15-16-15.png,2.9199280660525615e-09
2024-06-13 15-16-16.png,4.754613416758783e-09
2024-06-13 15-16-16.png,5.926719135671422e-09
2024-06-13 15-16-16.png,6.2736726079089504e-09
2024-06-13 15-16-17.png,5.749116174825752e-09
2024-06-13 15-16-17.png,4.4253637617591045e-09
2024-06-13 15-16-17.png,2.484953142772221e-09
2024-06-13 15-16-18.png,1.953563958673632e-10
2024-06-13 15-16-18.png,-2.1278933009748803e-09
2024-06-13 15-16-18.png,-4.164705904422023e-09
2024-06-13 15-16-19.png,-5.6345209715982905e-09
2024-06-13 15-16-19.png,-6.3349572465848034e-09
2024-06-13 15-16-19.png,-0.007442149338724748
2024-06-13 15-16-19.png,-0.0003696755693962388
2024-06-13 15-16-20.png,-1.8803735871661575e-05
2024-06-13 15-16-20.png,-0.011164151930567249
2024-06-13 15-16-20.png,-0.0005545445910429467
2024-06-13 15-16-21.png,-2.8198973153860474e-05
2024-06-13 15-16-21.png,-1.2996297582013151e-06
2024-06-13 15-16-21.png,-4.7337475518273704e-08
2024-06-13 15-16-22.png,-0.011163276572473176
2024-06-13 15-16-22.png,-0.0005545028911598682
2024-06-13 15-16-22.png,-2.8195054312662224e-05
2024-06-13 15-16-23.png,-1.302556695568112e-06
2024-06-13 15-16-23.png,-0.007442197541188772
2024-06-13 15-16-23.png,-0.00036967705838811705
2024-06-13 15-16-24.png,-1.880614429813787e-05
2024-06-13 15-16-24.png,-0.02604832563445686
2024-06-13 15-16-24.png,-0.027342849277843643
2024-06-13 15-16-25.png,-0.0013612071161781143
2024-06-13 15-16-25.png,-6.889840817442071e-05
2024-06-13 15-16-25.png,-3.175866831299333e-06
2024-06-13 15-16-26.png,-1.3743085272487473e-07
2024-06-13 15-16-26.png,-6.8886525514439635e-09
2024-06-13 15-16-26.png,-0.02976868924217017
2024-06-13 15-16-27.png,-0.04241625485889959
2024-06-13 15-16-27.png,-0.035601511115889876
2024-06-13 15-16-27.png,-0.016655467484947797
2024-06-13 15-16-27.png,-0.0008288950156827655
2024-06-13 15-16-28.png,-0.026089163966683065
2024-06-13 15-16-28.png,-0.04223330506063544
2024-06-13 15-16-28.png,-0.06537825078601181
2024-06-13 15-16-29.png,-0.06280517894922294
2024-06-13 15-16-29.png,-0.04033934253638525
2024-06-13 15-16-29.png,0.012868747302370904
2024-06-13 15-16-30.png,0.0006377981576326343
2024-06-13 15-16-30.png,3.2926187744602094e-05
2024-06-13 15-16-30.png,-0.011161763591943765
2024-06-13 15-16-31.png,-0.030324821465978972
2024-06-13 15-16-31.png,-0.031277721905870984
2024-06-13 15-16-31.png,-0.053661367598089246
2024-06-13 15-16-32.png,-0.0510506728817392
2024-06-13 15-16-32.png,-0.05836959062303777
2024-06-13 15-16-32.png,-0.05128549040295854
2024-06-13 15-16-33.png,-0.06210553711149061
2024-06-13 15-16-33.png,-0.006819351445779877
2024-06-13 15-16-33.png,-0.0003414866373798206
2024-06-13 15-16-34.png,-0.0037376544984468974
2024-06-13 15-16-34.png,-0.015070082569347878
2024-06-13 15-16-34.png,-0.0230760880858146
2024-06-13 15-16-35.png,-0.0048685280829019
2024-06-13 15-16-35.png,-0.030012289926470592
2024-06-13 15-16-35.png,-0.016375395458756922
2024-06-13 15-16-35.png,-0.034307527908063885
2024-06-13 15-16-36.png,-0.03891981968576319
2024-06-13 15-16-36.png,-0.03915015233050158
2024-06-13 15-16-36.png,-0.042884182248910566
2024-06-13 15-16-37.png,-0.039347111421509956
2024-06-13 15-16-37.png,-0.05778705026993651
2024-06-13 15-16-37.png,-0.05497945678515609
2024-06-13 15-16-38.png,-0.062289198360950745
2024-06-13 15-16-38.png,-0.06265201674511924
2024-06-13 15-16-38.png,-0.06267053128277901
2024-06-13 15-16-39.png,-0.04777668918312756
2024-06-13 15-16-39.png,-0.0023824071653127518
2024-06-13 15-16-39.png,-0.00012026029995111325
2024-06-13 15-16-40.png,-0.018611003162741634
2024-06-13 15-16-40.png,-0.0306951459141733
2024-06-13 15-16-40.png,-0.053631870222633535
2024-06-13 15-16-41.png,-0.04732620307771854
2024-06-13 15-16-41.png,-0.02468195592114042
2024-06-13 15-16-41.png,-0.0012290623623487048
2024-06-13 15-16-41.png,-6.191324486201698e-05
2024-06-13 15-16-42.png,-0.011166125737993967
2024-06-13 15-16-42.png,-0.019160459934804183
2024-06-13 15-16-42.png,-0.027001318512038328
2024-06-13 15-16-43.png,-0.04227974821631353
2024-06-13 15-16-43.png,-0.054208542089948755
2024-06-13 15-16-43.png,-0.0622501204147168
2024-06-13 15-16-44.png,-0.021705948887935
2024-06-13 15-16-44.png,-0.0010814491707668442
2024-06-13 15-16-44.png,-0.014938734013658453
2024-06-13 15-16-45.png,-0.0007418363369029236
2024-06-13 15-16-45.png,-3.770556891558322e-05
2024-06-13 15-16-45.png,-0.0074438800232753555
2024-06-13 15-16-46.png,-0.00036973040688679387
2024-06-13 15-16-46.png,-1.8792299564832324e-05
2024-06-13 15-16-46.png,-0.018606338133895714
2024-06-13 15-16-46.png,-0.008366367893230753
2024-06-13 15-16-47.png,-0.00041667083382644903
2024-06-13 15-16-47.png,-2.097666214632629e-05
2024-06-13 15-16-47.png,-9.667605096766082e-07
2024-06-13 15-16-48.png,-5.273699648890439e-08
2024-06-13 15-16-48.png,-1.6052671323723673e-08
2024-06-13 15-16-48.png,-1.4318864871525799e-08
2024-06-13 15-16-49.png,-1.322049153295975e-08
2024-06-13 15-16-49.png,-0.014884508279287572
2024-06-13 15-16-49.png,-0.0007393611711167434
2024-06-13 15-16-50.png,-3.760203499746613e-05
2024-06-13 15-16-50.png,0.022324646402717578
2024-06-13 15-16-50.png,0.001109869618583044
2024-06-13 15-16-51.png,5.643528382878045e-05
2024-06-13 15-16-51.png,2.622240601561091e-06
2024-06-13 15-16-51.png,1.2222923519285906e-07
2024-06-13 15-16-52.png,1.890599681886935e-08
2024-06-13 15-16-52.png,-0.022326375198273844
2024-06-13 15-16-52.png,-0.0011099302560391685
2024-06-13 15-16-52.png,-5.643045497373772e-05
2024-06-13 15-16-53.png,-2.6162340806656425e-06
2024-06-13 15-16-53.png,-1.2019629566847616e-07
2024-06-13 15-16-53.png,-2.1495568019225243e-08
2024-06-13 15-16-54.png,-1.5264958538901583e-08
2024-06-13 15-16-54.png,-1.3440366841654391e-08
2024-06-13 15-16-54.png,-1.0305915015669311e-08
2024-06-13 15-16-55.png,-5.761037033890049e-09
2024-06-13 15-16-55.png,-4.2945825135147224e-10
2024-06-13 15-16-55.png,4.951891298518358e-09
2024-06-13 15-16-56.png,9.641720227323623e-09
2024-06-13 15-16-56.png,1.2994110159451126e-08
2024-06-13 15-16-56.png,1.4547637412488885e-08
2024-06-13 15-16-57.png,1.4088893665180423e-08
2024-06-13 15-16-57.png,1.1681822247785752e-08
2024-06-13 15-16-57.png,0.014884504949147859
2024-06-13 15-16-57.png,0.0007393569901625264
2024-06-13 15-16-58.png,3.759789219865206e-05
2024-06-13 15-16-58.png,1.732752560748067e-06
2024-06-13 15-16-58.png,6.107403409154887e-08
2024-06-13 15-16-59.png,-8.621024630842441e-09
2024-06-13 15-16-59.png,-1.3593916682995695e-08
2024-06-13 15-16-59.png,-1.2390603902675042e-08
2024-06-13 15-17-00.png,-9.130898010468882e-09
2024-06-13 15-17-00.png,-4.620464445643237e-09
2024-06-13 15-17-00.png,5.165025940766134e-10
2024-06-13 15-17-01.png,5.5733286057657154e-09
2024-06-13 15-17-01.png,9.853133611951627e-09
2024-06-13 15-17-01.png,1.2766473560987756e-08
2024-06-13 15-17-02.png,1.3912431558061477e-08
2024-06-13 15-17-02.png,1.3133749968723424e-08
2024-06-13 15-17-02.png,-0.014884486628327597
2024-06-13 15-17-03.png,-0.0007393477363579851
2024-06-13 15-17-03.png,-3.7599023488579216e-05
2024-06-13 15-17-03.png,-1.744119864029827e-06
2024-06-13 15-17-04.png,-0.026047529142828423
2024-06-13 15-17-04.png,-0.045953887843774216
2024-06-13 15-17-04.png,-0.06556368328408882
2024-06-13 15-17-04.png,-0.08144263349520778
2024-06-13 15-17-05.png,-0.06360502001574353
2024-06-13 15-17-05.png,-0.0329365788689614
2024-06-13 15-17-05.png,-0.027687767788299174
2024-06-13 15-17-06.png,-0.031147225112323512
2024-06-13 15-17-06.png,-0.042485925363334884
2024-06-13 15-17-07.png,-0.050495434588740534
2024-06-13 15-17-07.png,-0.07696555693807862
2024-06-13 15-17-07.png,-0.09319250762315257
2024-06-13 15-17-08.png,-0.09400065841794407
2024-06-13 15-17-08.png,-0.0642321709938623
2024-06-13 15-17-08.png,-0.1186684691447367
2024-06-13 15-17-09.png,-0.09526764215931152
2024-06-13 15-17-09.png,-0.07919657806538014
2024-06-13 15-17-10.png,-0.05977007235942593
2024-06-13 15-17-10.png,-0.029023694361497286
2024-06-13 15-17-10.png,-0.023771560512177197
2024-06-13 15-17-11.png,-0.07935407996316429
2024-06-13 15-17-11.png,-0.03372161304739969
2024-06-13 15-17-12.png,-0.061232509200270346
2024-06-13 15-17-13.png,-0.09613551201292656
2024-06-13 15-17-13.png,-0.1016047948739145
2024-06-13 15-17-14.png,-0.10187859002284202
2024-06-13 15-17-14.png,-0.09443355142336611
2024-06-13 15-17-15.png,-0.06797809392583798
2024-06-13 15-17-15.png,-0.021993384855787435
2024-06-13 15-17-15.png,-0.0010955618075704754
2024-06-13 15-17-57.png,-5.48867980951283e-05
2024-06-13 15-17-57.png,-2.5242930424061198e-06
2024-06-13 15-17-57.png,-1.1535275559264734e-07
2024-06-13 15-17-58.png,-2.6349820524634317e-09
2024-06-13 15-17-58.png,-0.007442132510326744
2024-06-13 15-17-58.png,-0.026418208926425393
2024-06-13 15-17-59.png,-0.012475994838424579
2024-06-13 15-17-59.png,-0.0006211680199370529
2024-06-13 15-17-59.png,-3.126709728395291e-05
2024-06-13 15-18-00.png,-1.4241177821960718e-06
2024-06-13 15-18-00.png,0.007442083800222714
2024-06-13 15-18-00.png,0.00036966305431735926
2024-06-13 15-18-01.png,1.879073185042364e-05
2024-06-13 15-18-01.png,8.559501416272057e-07
2024-06-13 15-18-01.png,1.8832877882521865e-08
2024-06-13 15-18-02.png,-1.569738310754466e-08
2024-06-13 15-18-02.png,-1.630167545286632e-08
2024-06-13 15-18-02.png,-1.2512427327854915e-08
2024-06-13 15-18-03.png,0.0037210514053087076
2024-06-13 15-18-03.png,0.029954084026358296
2024-06-13 15-18-03.png,0.04614849511359199
2024-06-13 15-18-03.png,0.03950918260811395
2024-06-13 15-18-04.png,0.09132239237253639
2024-06-13 15-18-04.png,0.15008935288053027
2024-06-13 15-18-04.png,0.13042021190321323
2024-06-13 15-18-05.png,0.07350474225422975
2024-06-13 15-18-05.png,0.040874536523854345
2024-06-13 15-18-05.png,0.09511773002579929
2024-06-13 15-18-06.png,0.0642853618235322
2024-06-13 15-18-06.png,0.11867192122380166
2024-06-13 15-18-06.png,0.17795622706502123
2024-06-13 15-18-07.png,0.238743686687733
2024-06-13 15-18-07.png,0.1841340361161802
2024-06-13 15-18-07.png,0.12470066380222034
2024-06-13 15-18-08.png,0.06576993138803068
2024-06-13 15-20-21.png,0.0070040018250553835
2024-06-13 15-20-22.png,0.0003500003160184974
2024-06-13 15-20-22.png,1.6974496703244426e-05
2024-06-13 15-20-22.png,-0.011162521094543142
2024-06-13 15-20-23.png,-0.022881762734944917
2024-06-13 15-20-23.png,-0.001138173769162509
2024-06-13 15-20-23.png,-0.018663233193476257
2024-06-13 15-20-23.png,-0.023254154450329557
2024-06-13 15-20-24.png,-0.019762020104755362
2024-06-13 15-20-24.png,-0.03447551700001808
2024-06-13 15-20-24.png,-0.06871552320909352
2024-06-13 15-20-25.png,-0.01830894629047462
2024-06-13 15-20-25.png,-0.0009128667221061832
2024-06-13 15-20-25.png,-4.557884712554308e-05
2024-06-13 15-20-26.png,-0.029770763720953344
2024-06-13 15-20-26.png,-0.042416347052967936
2024-06-13 15-20-26.png,-0.046769112015760395
2024-06-13 15-20-27.png,-0.06560479170847858
2024-06-13 15-20-27.png,-0.08144449519573821
2024-06-13 15-20-27.png,-0.08595997948829726
2024-06-13 15-20-28.png,-0.10856016167582727
2024-06-13 15-20-28.png,-0.11341640491831562
2024-06-13 15-20-28.png,-0.10619671216098413
2024-06-13 15-20-29.png,-0.12076594620053867
2024-06-13 15-20-29.png,-0.06557168525152365
2024-06-13 15-20-29.png,-0.0069948680283367995
2024-06-13 15-20-29.png,-0.00034959427755304804
2024-06-13 15-20-30.png,-0.022343333661073366
2024-06-13 15-20-30.png,-0.03460253395584427
2024-06-13 15-20-30.png,-0.04638048721253925
2024-06-13 15-20-31.png,-0.06558510668949004
2024-06-13 15-20-31.png,-0.07026534734852086
2024-06-13 15-20-31.png,-0.09285956328820152
2024-06-13 15-20-32.png,-0.10144205329610484
2024-06-13 15-20-32.png,-0.12052837001288948
2024-06-13 15-20-32.png,-0.11028080680833463
2024-06-13 15-20-33.png,-0.08367063751975792
2024-06-13 15-20-33.png,-0.04882510703545484
2024-06-13 15-20-33.png,-0.002435087701409471
2024-06-13 15-20-34.png,-0.018728161132499033
2024-06-13 15-20-34.png,-0.012093099679613289
2024-06-13 15-20-34.png,-0.03781528094228892
2024-06-13 15-20-35.png,-0.05398589792332237
2024-06-13 15-20-35.png,-0.07341397748240383
2024-06-13 15-20-35.png,-0.09674437591148488
2024-06-13 15-20-35.png,-0.1240266457442553
2024-06-13 15-20-36.png,-0.1479080735258792
2024-06-13 15-20-36.png,-0.13404713132777288
2024-06-13 15-20-36.png,-0.11842025299714379
2024-06-13 15-20-37.png,-0.06173211054085563
2024-06-13 15-20-37.png,-0.0030825514279772823
2024-06-13 15-20-37.png,-0.00015505009338079808
2024-06-13 15-20-49.png,-7.1076018122812325e-06
2024-06-13 15-20-49.png,-3.1450365817660954e-07
2024-06-13 15-20-49.png,-2.064651322289956e-08
2024-06-13 15-20-50.png,-2.6171362271289135e-10
2024-06-13 15-20-50.png,-0.0074421421503541325
2024-06-13 15-20-50.png,-0.0487480984260574
2024-06-13 15-20-51.png,-0.10669759669175582
2024-06-13 15-20-51.png,-0.1660805302149877
2024-06-13 15-20-51.png,-0.14618399977050112
2024-06-13 15-20-51.png,-0.08919550380227188
2024-06-13 15-20-52.png,-0.03049759416384215
2024-06-13 15-20-52.png,-0.031288912428217124
2024-06-13 15-20-52.png,-0.0015569237877165326
2024-06-13 15-20-53.png,-0.011242040696550415
2024-06-13 15-20-53.png,-0.0005581421590202904
2024-06-13 15-20-53.png,-0.011191638703005893
2024-06-13 15-20-54.png,-0.0005558303688082129
2024-06-13 15-20-54.png,-2.8263691486322676e-05
2024-06-13 15-20-54.png,-1.3197864307957004e-06
2024-06-13 15-20-55.png,-6.635497644077184e-08
2024-06-13 15-20-55.png,-0.026047462263455792
2024-06-13 15-20-55.png,-0.05339937515844724
2024-06-13 15-20-56.png,-0.010102516826642313
2024-06-13 15-20-56.png,-0.05632804250226129
2024-06-13 15-20-56.png,-0.00280903654368243
2024-06-13 15-20-57.png,-0.04851867095355733
2024-06-13 15-20-57.png,-0.006137016593695068
2024-06-13 15-20-57.png,-0.022634471412614772
2024-06-13 15-20-57.png,-0.06439875305374525
2024-06-13 15-20-58.png,-0.01065339029020235
2024-06-13 15-20-58.png,-0.0005324468631845514
2024-06-13 15-20-58.png,-2.629388804617135e-05
2024-06-13 15-20-59.png,-1.190852610874629e-06
2024-06-13 15-20-59.png,0.055819862612644225
2024-06-13 15-20-59.png,0.002783916016771926
2024-06-13 15-21-00.png,0.015025843409635788
2024-06-13 15-21-00.png,0.01563034662222199
2024-06-13 15-21-00.png,0.030547923095776277
2024-06-13 15-21-01.png,0.02384546285313727
2024-06-13 15-21-01.png,0.0011869810379567646
2024-06-13 15-21-01.png,0.03355001190320359
2024-06-13 15-21-02.png,0.0016690906969440116
2024-06-13 15-21-02.png,8.48142188947894e-05
2024-06-13 15-21-02.png,0.018609407370501048
2024-06-13 15-21-03.png,0.0009247146905493216
2024-06-13 15-21-03.png,4.703492743000089e-05
2024-06-13 15-21-03.png,2.18567986112698e-06
2024-06-13 15-21-03.png,9.693724443387751e-08
2024-06-13 15-21-04.png,7.974735994087616e-09
2024-06-13 15-21-04.png,-2.6260834448872173e-09
2024-06-13 15-21-04.png,-7.47389626723982e-09
2024-06-13 15-21-05.png,-1.0851342498189779e-08
2024-06-13 15-21-05.png,-1.2735617967606793e-08
2024-06-13 15-21-05.png,-1.2868019236468937e-08
2024-06-13 15-21-06.png,-1.1227617707436822e-08
2024-06-13 15-21-06.png,-8.04056469804228e-09
2024-06-13 15-21-06.png,-3.74691446145269e-09
2024-06-13 15-21-07.png,1.060005737294008e-09
2024-06-13 15-21-07.png,5.715565962184648e-09
2024-06-13 15-21-07.png,9.575723779231342e-09
2024-06-13 15-21-07.png,1.2106119842748414e-08
2024-06-13 15-21-08.png,1.2956047878391217e-08
2024-06-13 15-21-08.png,1.2007055512955394e-08
2024-06-13 15-21-08.png,9.389456633135759e-09
2024-06-13 15-21-09.png,5.464430778021282e-09
2024-06-13 15-21-09.png,7.741908545476964e-10
2024-06-13 15-21-09.png,-4.032919936414581e-09
2024-06-13 15-21-10.png,-8.29204926654332e-09
2024-06-13 15-21-10.png,-1.1413786060290498e-08
2024-06-13 15-21-10.png,-0.003721071215247393
2024-06-13 15-21-11.png,-0.05972902413615586
2024-06-13 15-21-11.png,-0.1184405521659532
2024-06-13 15-21-11.png,-0.10271470812174056
2024-06-13 15-21-12.png,-0.04605811757928889
2024-06-13 15-21-12.png,-0.058123294391369734
2024-06-13 15-21-12.png,-0.11462840529976263
2024-06-13 15-21-13.png,-0.0838848482130661
2024-06-13 15-21-13.png,-0.056282290387633035
2024-06-13 15-21-13.png,-0.06607924278458657
2024-06-13 15-21-14.png,-0.01073785723321571
2024-06-13 15-21-14.png,-0.0451928820830252
2024-06-13 15-21-14.png,-0.10278926946935076
2024-06-13 15-21-14.png,-0.07211755965277716
2024-06-13 15-21-15.png,-0.06686827179247604
2024-06-13 15-21-15.png,-0.1225318743076978
2024-06-13 15-21-15.png,-0.15920429470374972
2024-06-13 15-21-16.png,-0.10475606122322921
2024-06-13 15-21-16.png,-0.04616101329325513
2024-06-13 15-21-16.png,-0.002302041141722694
2024-06-13 15-21-17.png,-0.0001156549752100707
2024-06-13 15-21-17.png,-0.029773999888370907
2024-06-13 15-21-17.png,-0.08710621242255454
2024-06-13 15-21-18.png,-0.08624005506366311
2024-06-13 15-21-18.png,-0.07874621415390738
2024-06-13 15-21-18.png,-0.09328271693952078
2024-06-13 15-21-19.png,-0.038141651756284596
2024-06-13 15-21-19.png,-0.0019016402294185601
2024-06-13 15-21-19.png,-9.552550369645979e-05
2024-06-13 15-21-19.png,-4.3795875229361025e-06
2024-06-13 15-21-20.png,-1.9130106807565763e-07
2024-06-13 15-21-20.png,-3.225498224964603e-09
2024-06-13 15-21-20.png,-0.04093246841998997
2024-06-13 15-21-21.png,-0.0020383834610049343
2024-06-13 15-21-21.png,0.033386519684582366
2024-06-13 15-21-21.png,0.023986165774437542
2024-06-13 15-21-22.png,0.001194388780118373
2024-06-13 15-21-22.png,6.033393427083224e-05
2024-06-13 15-21-22.png,-0.018706522700438363
2024-06-13 15-21-23.png,-0.0009029473648886207
2024-06-13 15-21-23.png,-3.5704840505059685e-05
2024-06-13 15-21-23.png,-1.7319215598677425e-05
2024-06-13 15-21-24.png,-0.00010248865687703936
2024-06-13 15-21-24.png,1.0534261694413152e-05
2024-06-13 15-21-24.png,4.736584439065758e-06
2024-06-13 15-21-25.png,-5.364335240974523e-08
2024-06-13 15-21-25.png,-4.44996919463226e-08
2024-06-13 15-21-25.png,7.262729006287208e-09
2024-06-13 15-21-25.png,1.1596137433103445e-08
2024-06-13 15-21-26.png,1.530618878457684e-08
2024-06-13 15-21-26.png,-0.007442125336652067
2024-06-13 15-21-26.png,-0.015254152350535045
2024-06-13 15-21-27.png,-0.0007581408910489642
2024-06-13 15-21-27.png,-0.0298071614901027
2024-06-13 15-21-27.png,-0.0014825316813080545
2024-06-13 15-21-28.png,-7.534217795471628e-05
2024-06-13 15-21-28.png,-0.029772183205467147
2024-06-13 15-21-28.png,-0.038693908988854504
2024-06-13 15-21-29.png,-0.09500840959165362
2024-06-13 15-21-29.png,-0.09036079234694239
2024-06-13 15-21-29.png,-0.1125118882291441
2024-06-13 15-21-30.png,-0.10615038967311921
2024-06-13 15-21-30.png,-0.09091842943939735
2024-06-13 15-21-30.png,-0.06035509058246852
2024-06-13 15-21-30.png,-0.0030130648654157167
2024-06-13 15-21-31.png,-0.00015185100276262004
2024-06-13 15-21-31.png,-0.011170235579305323
2024-06-13 15-21-31.png,-0.06754878107725733
2024-06-13 15-21-32.png,-0.0666363955642961
2024-06-13 15-21-32.png,-0.12252131204095898
2024-06-13 15-21-32.png,-0.11784235584132483
2024-06-13 15-21-33.png,-0.09150220544089463
2024-06-13 15-21-33.png,-0.10510717890716728
2024-06-13 15-21-33.png,-0.08713732521705184
2024-06-13 15-21-34.png,-0.030393923669612917
2024-06-13 15-21-34.png,-0.0015148282768337545
2024-06-13 15-21-34.png,-0.01123919871921736
2024-06-13 15-21-35.png,-0.022885258975160687
2024-06-13 15-21-35.png,-0.04951940187888204
2024-06-13 15-21-35.png,-0.06574083988965845
2024-06-13 15-21-36.png,-0.02932127980498233
2024-06-13 15-21-36.png,-0.0014611425697146777
2024-06-13 15-21-36.png,-0.0075156400588927506
2024-06-13 15-21-37.png,-0.0003730569372236782
2024-06-13 15-21-37.png,-0.05583890095779245
2024-06-13 15-21-37.png,-0.11451376684616815
2024-06-13 15-21-38.png,-0.09878962060742079
2024-06-13 15-21-38.png,-0.11666502405904239
2024-06-13 15-21-38.png,-0.061642997640149924
2024-06-13 15-21-39.png,-0.0030784153800317146
2024-06-13 15-21-39.png,-0.0001548599658446063
2024-06-13 15-21-40.png,0.011156201867155664
2024-06-13 15-21-40.png,0.015438717020887324
2024-06-13 15-21-40.png,0.019373379997438565
2024-06-13 15-21-41.png,0.0344558473677109
2024-06-13 15-21-41.png,0.0017152168541068257
2024-06-13 15-21-42.png,8.693842005620873e-05
2024-06-13 15-21-42.png,4.004273366137963e-06
2024-06-13 15-21-42.png,1.58521026972549e-07
2024-06-13 15-21-43.png,0.02232637740172389
2024-06-13 15-21-43.png,0.0011099126899730258
2024-06-13 15-21-44.png,5.640582127908791e-05
2024-06-13 15-21-44.png,2.5886942912441353e-06
2024-06-13 15-21-44.png,0.003721151816255668
2024-06-13 15-21-45.png,0.00018483350148040716
2024-06-13 15-21-45.png,9.400709972109079e-06
2024-06-13 15-21-45.png,4.4354586232033563e-07
2024-06-13 15-21-46.png,3.370740593033546e-08
2024-06-13 15-21-46.png,2.1811917058861537e-08
2024-06-13 15-21-47.png,2.278687939781121e-08
2024-06-13 15-21-47.png,2.1691373711193435e-08
2024-06-13 15-21-48.png,1.7685862951378876e-08
2024-06-13 15-21-48.png,0.007442154163801897
2024-06-13 15-21-48.png,0.0003696733423210997
2024-06-13 15-21-49.png,1.8794837510971117e-05
2024-06-13 15-21-49.png,8.571526745397172e-07
2024-06-13 15-21-50.png,1.7228952907070576e-08
2024-06-13 15-21-50.png,-1.9892223352429133e-08
2024-06-13 15-21-51.png,-2.251084840408391e-08
2024-06-13 15-21-51.png,-1.9877450403548007e-08
2024-06-13 15-21-51.png,-1.4329801028081964e-08
2024-06-13 15-21-52.png,-6.809106183247537e-09
2024-06-13 15-21-52.png,1.6476715592551051e-09
2024-06-13 15-21-52.png,9.875607333718017e-09
2024-06-13 15-21-53.png,1.6739824459477218e-08
2024-06-13 15-21-53.png,2.1292820339748713e-08
2024-06-13 15-21-53.png,2.2905210601964637e-08
2024-06-13 15-21-54.png,2.1352719747634907e-08
2024-06-13 15-21-54.png,1.6847374720497884e-08
2024-06-13 15-21-54.png,1.0008541948456801e-08
2024-06-13 15-21-55.png,1.777795497862172e-09
2024-06-13 15-21-55.png,-6.710732693500861e-09
2024-06-13 15-21-55.png,-1.4286629786993629e-08
2024-06-13 15-21-56.png,-1.9904569323071975e-08
2024-06-13 15-21-56.png,-2.2788555070263057e-08
2024-06-13 15-21-56.png,-2.253909902677204e-08
2024-06-13 15-21-56.png,-1.9188570076086974e-08
2024-06-13 15-21-57.png,-1.3196992623075616e-08
2024-06-13 15-21-57.png,-5.388898915371059e-09
2024-06-13 15-21-57.png,3.1601510509279105e-09
2024-06-13 15-21-58.png,1.1271712777148425e-08
2024-06-13 15-21-58.png,1.7826922412468424e-08
2024-06-13 15-21-58.png,2.19208010525451e-08
2024-06-13 15-21-59.png,2.2987220950028418e-08
2024-06-13 15-21-59.png,2.0877154885440265e-08
2024-06-13 15-21-59.png,1.5879534683253817e-08
2024-06-13 15-22-00.png,8.681661228070992e-09
2024-06-13 15-22-00.png,2.746990511756536e-10
2024-06-13 15-22-00.png,-8.18282181704282e-09
2024-06-13 15-22-01.png,-1.5524646914508665e-08
2024-06-13 15-22-01.png,-2.073763585701442e-08
2024-06-13 15-22-01.png,-2.310155247498264e-08
2024-06-13 15-22-02.png,-2.2288585035960213e-08
2024-06-13 15-22-02.png,-1.8408797429213956e-08
2024-06-13 15-22-02.png,-1.199523911739092e-08
2024-06-13 15-22-02.png,-3.9306951847428515e-09
2024-06-13 15-22-03.png,4.673812685969565e-09
2024-06-13 15-22-03.png,1.2632087303326867e-08
2024-06-13 15-22-03.png,1.884629484475774e-08
2024-06-13 15-22-04.png,2.2458396827041337e-08
2024-06-13 15-22-04.png,2.2968633194333542e-08
2024-06-13 15-22-04.png,2.0304659273192282e-08
2024-06-13 15-22-05.png,1.4831805366856366e-08
2024-06-13 15-22-05.png,7.302956192356942e-09
2024-06-13 15-22-05.png,-0.03721111865303866
2024-06-13 15-22-06.png,-0.05395545885920768
2024-06-13 15-22-06.png,-0.08459077047820504
2024-06-13 15-22-06.png,-0.08611582415686281
2024-06-13 15-22-07.png,-0.12349677226199961
2024-06-13 15-22-07.png,-0.12909368404574403
2024-06-13 15-22-07.png,-0.14433888601146871
2024-06-13 15-22-08.png,-0.11893252312589539
2024-06-13 15-22-08.png,-0.09528485949296728
2024-06-13 15-22-08.png,-0.041963409517760356
2024-06-13 15-22-08.png,-0.0020923241941513313
2024-06-13 15-22-09.png,-0.00010515606470342339
2024-06-13 15-22-09.png,-0.007446970438411862
2024-06-13 15-22-09.png,-0.018975712790352036
2024-06-13 15-22-10.png,-0.015827527921847252
2024-06-13 15-22-10.png,-0.015671735848053973
2024-06-13 15-22-10.png,-0.041715216084073144
2024-06-13 15-22-11.png,-0.09888710382350133
2024-06-13 15-22-11.png,-0.10920202433448431
2024-06-13 15-22-11.png,-0.10598706198669705
2024-06-13 15-22-12.png,-0.16225044520349657
2024-06-13 15-22-12.png,-0.16116001587621648
2024-06-13 15-22-12.png,-0.10485537561470425
2024-06-13 15-22-13.png,-0.13190418224323355
2024-06-13 15-22-13.png,-0.07730036411833627
2024-06-13 15-22-13.png,-0.01874184583993014
2024-06-13 15-22-14.png,0.03999303699058744
2024-06-13 15-22-14.png,0.04292428003054535
2024-06-13 15-22-14.png,0.0021398396962103144
2024-06-13 15-22-14.png,0.026155682944834183
2024-06-13 15-22-15.png,0.023626125304688876
2024-06-13 15-22-15.png,0.0011759601016570072
2024-06-13 15-22-15.png,5.946978190980382e-05
2024-06-13 15-22-16.png,2.727824903253182e-06
2024-06-13 15-22-16.png,1.1841386497551862e-07
2024-06-13 15-22-16.png,1.883384788254186e-08
2024-06-13 15-22-17.png,1.965916331702614e-08
2024-06-13 15-22-17.png,2.4894644631397435e-08
2024-06-13 15-22-17.png,2.72307759746132e-08
2024-06-13 15-22-18.png,2.580748514523898e-08
2024-06-13 15-22-18.png,2.0819028865482667e-08
2024-06-13 15-22-18.png,1.2953441383987784e-08
2024-06-13 15-22-19.png,3.2933603535496835e-09
2024-06-13 15-22-19.png,-0.00372106504505286
2024-06-13 15-22-19.png,-0.00018485014974091627
2024-06-13 15-22-20.png,-9.422984333206834e-06
2024-06-13 15-22-20.png,-0.003721520054435358
2024-06-13 15-22-20.png,-0.015069377351409103
2024-06-13 15-22-21.png,-0.0007487792439986817
2024-06-13 15-22-21.png,-0.007480196258949884
2024-06-13 15-22-21.png,-0.00037143596243170934
2024-06-13 15-22-22.png,-1.8871143447432707e-05
2024-06-13 15-22-22.png,-8.630027026062356e-07
2024-06-13 15-22-22.png,-1.6448656975216296e-08
2024-06-13 15-22-22.png,2.278234748050526e-08
2024-06-13 15-22-23.png,2.674293836378472e-08
2024-06-13 15-22-23.png,2.4856242057901318e-08
2024-06-13 15-22-23.png,1.9359615780103834e-08
2024-06-13 15-22-24.png,1.1185966001627257e-08
2024-06-13 15-22-24.png,1.4619165222847006e-09
2024-06-13 15-22-24.png,-8.473865341928249e-09
2024-06-13 15-22-25.png,-1.7252402608219833e-08
2024-06-13 15-22-25.png,-2.3663799368309994e-08
2024-06-13 15-22-25.png,-2.6823955750705963e-08
2024-06-13 15-22-26.png,-2.6296465161809874e-08
2024-06-13 15-22-26.png,-2.2152871082450447e-08
2024-06-13 15-22-26.png,-1.496299315969418e-08
2024-06-13 15-22-27.png,-0.00372106391786317
2024-06-13 15-22-27.png,-0.00018482982856680372
2024-06-13 15-22-27.png,-9.38627235113989e-06
2024-06-13 15-22-28.png,-4.1383405577040483e-07
2024-06-13 15-22-28.png,7.71140183027364e-09
2024-06-13 15-22-28.png,2.5598035422818978e-08
2024-06-13 15-22-29.png,2.4066785969071867e-08
2024-06-13 15-22-29.png,1.813399017046739e-08
2024-06-13 15-22-29.png,9.604374944363549e-09
2024-06-13 15-22-29.png,-2.58607053933241e-10
2024-06-13 15-22-30.png,-1.0095867224626104e-08
2024-06-13 15-22-30.png,-1.855234596291186e-08
2024-06-13 15-22-30.png,-2.4462462028470014e-08
2024-06-13 15-22-31.png,-2.701114117376104e-08
2024-06-13 15-22-31.png,-2.584622034828688e-08
2024-06-13 15-22-31.png,-2.112708857758662e-08
2024-06-13 15-22-32.png,-1.3502898968580096e-08
2024-06-13 15-22-32.png,-4.023247859733788e-09
2024-06-13 15-22-32.png,6.006311262637439e-09
2024-06-13 15-22-33.png,-0.0037210430343515523
2024-06-13 15-22-33.png,-0.00018481188261694384
2024-06-13 15-22-33.png,-0.014893871530575156
2024-06-13 15-22-34.png,-0.0007397632270296589
2024-06-13 15-22-34.png,-3.7595651551258945e-05
2024-06-13 15-22-34.png,-1.7249413705463332e-06
2024-06-13 15-22-34.png,-6.46679829282963e-08
2024-06-13 15-22-35.png,-6.976153545278355e-09
2024-06-13 15-22-35.png,-1.1963229485047577e-08
2024-06-13 15-22-35.png,-1.9622617100549842e-08
2024-06-13 15-22-36.png,-2.4944683133967423e-08
2024-06-13 15-22-36.png,-2.6839816952998557e-08
2024-06-13 15-22-36.png,-2.504362744942089e-08
2024-06-13 15-22-37.png,-1.980386266055245e-08
2024-06-13 15-22-37.png,-1.1841310030193276e-08
2024-06-13 15-22-37.png,-2.2522021672758557e-09
2024-06-13 15-22-38.png,7.642764429559394e-09
2024-06-13 15-22-38.png,1.6480383171562486e-08
2024-06-13 15-22-38.png,2.3042721385529028e-08
2024-06-13 15-22-39.png,2.6424980706958414e-08
2024-06-13 15-22-39.png,2.616023487971785e-08
2024-06-13 15-22-39.png,2.2283910649644513e-08
2024-06-13 15-22-40.png,1.532901980901269e-08
2024-06-13 15-22-40.png,6.252895799896265e-09
2024-06-13 15-22-40.png,-3.694591086486332e-09
2024-06-13 15-22-41.png,-1.3143164726993251e-08
2024-06-13 15-22-41.png,-2.0790890014098124e-08
2024-06-13 15-22-41.png,-2.5583570556840308e-08
2024-06-13 15-22-41.png,-2.6860072394486855e-08
2024-06-13 15-22-42.png,-2.4443509377741658e-08
2024-06-13 15-22-42.png,-1.8665768506102446e-08
2024-06-13 15-22-42.png,-1.0321927827855623e-08
2024-06-13 15-22-43.png,-5.608315457117726e-10
2024-06-13 15-22-43.png,9.273076950801039e-09
2024-06-13 15-22-43.png,1.7824940583037193e-08
2024-06-13 15-22-44.png,2.3916154741109217e-08
2024-06-13 15-22-44.png,2.670680426893683e-08
2024-06-13 15-22-44.png,2.581145971956721e-08
2024-06-13 15-22-45.png,2.1352438157490403e-08
2024-06-13 15-22-45.png,1.3943074901446911e-08
2024-06-13 15-22-45.png,4.603367436784119e-09
2024-06-13 15-22-46.png,0.018605474030689864
2024-06-13 15-22-46.png,0.0009245230962355406
2024-06-13 15-22-46.png,4.698924715446625e-05
2024-06-13 15-22-46.png,2.148481678969146e-06
2024-06-13 15-22-47.png,-0.022326320404534743
2024-06-13 15-22-47.png,-0.07928133967542292
2024-06-13 15-22-47.png,-0.033718277822323756
2024-06-13 15-22-48.png,-0.08358070092141377
2024-06-13 15-22-48.png,-0.14212304573323079
2024-06-13 15-22-48.png,-0.11135802386881496
2024-06-13 15-22-49.png,-0.16253906072960983
2024-06-13 15-22-49.png,-0.10865368713047245
2024-06-13 15-22-49.png,-0.05007797880144964
2024-06-13 15-22-50.png,-0.0024980066909000703
2024-06-13 15-22-50.png,-0.0001255518151394871
2024-06-13 15-22-50.png,-0.03349577623415079
2024-06-13 15-22-51.png,-0.09101946107650985
2024-06-13 15-22-51.png,-0.041748189398642464
2024-06-13 15-22-51.png,-0.05046224058268053
2024-06-13 15-22-51.png,-0.03972309890261855
2024-06-13 15-22-52.png,-0.09133311129506388
2024-06-13 15-22-52.png,-0.09017779001251972
2024-06-13 15-22-52.png,-0.11996702062697062
2024-06-13 15-22-53.png,-0.06553125807463012
2024-06-13 15-22-53.png,-0.08889822240280297
2024-06-13 15-22-53.png,-0.03792072525063832
2024-06-13 15-22-54.png,-0.042825578069758646
2024-06-13 15-22-54.png,-0.0021335349260794517
2024-06-13 15-22-54.png,-0.04848411137728696
2024-06-13 15-22-55.png,-0.05823906680308765
2024-06-13 15-22-55.png,-0.06990085381478431
2024-06-13 15-22-55.png,-0.014649488321163088
2024-06-13 15-22-56.png,-0.034222749270386335
2024-06-13 15-22-56.png,-0.001702701660930621
2024-06-13 15-22-56.png,-8.633312262863857e-05
2024-06-13 15-22-57.png,-0.048380076239463235
2024-06-13 15-22-57.png,-0.002410695856257223
2024-06-13 15-22-57.png,-0.037333592243191174
2024-06-13 15-22-57.png,-0.001857980759079171
2024-06-13 15-22-58.png,-0.033584388752586035
2024-06-13 15-22-58.png,-0.0016706735810045935
2024-06-13 15-22-58.png,-0.026132330553336646
2024-06-13 15-22-59.png,-0.0012992658950373313
2024-06-13 15-22-59.png,-0.022392414519139488
2024-06-13 15-22-59.png,-0.0011130041085808755
2024-06-13 15-23-00.png,-5.657613987029145e-05
2024-06-13 15-23-00.png,-2.639631166411901e-06
2024-06-13 15-23-00.png,-1.3025358083982711e-07
2024-06-13 15-23-01.png,-2.443301806593833e-08
2024-06-13 15-23-01.png,0.0037210468721273803
2024-06-13 15-23-01.png,0.00018483099985538526
2024-06-13 15-23-02.png,0.018614884707875673
2024-06-13 15-23-02.png,0.0009249857308975588
2024-06-13 15-23-02.png,4.704814163848659e-05
2024-06-13 15-23-03.png,2.1981422304432234e-06
2024-06-13 15-23-03.png,0.011163393979831529
2024-06-13 15-23-03.png,0.000554535704557689
2024-06-13 15-23-04.png,0.011191496625905578
2024-06-13 15-23-04.png,0.037769343092137045
2024-06-13 15-23-04.png,0.0018806772189906753
2024-06-13 15-23-04.png,9.541514320190747e-05
2024-06-13 15-23-05.png,4.3823181977709035e-06
2024-06-13 15-23-05.png,0.0037212211529468143
2024-06-13 15-23-05.png,0.0001848221567611052
2024-06-13 15-23-06.png,9.377697203211705e-06
2024-06-13 15-23-06.png,4.1672842233721413e-07
2024-06-13 15-23-06.png,0.022326390828495836
2024-06-13 15-23-07.png,0.0011099328136708365
2024-06-13 15-23-07.png,5.6435809592627405e-05
2024-06-13 15-23-07.png,2.62471084682456e-06
2024-06-13 15-23-08.png,1.3070443849390057e-07
2024-06-13 15-23-08.png,3.257628323624004e-08
2024-06-13 15-23-08.png,2.53792193489946e-08
2024-06-13 15-23-09.png,2.118180908224144e-08
2024-06-13 15-23-09.png,1.4594031469255774e-08
2024-06-13 15-23-09.png,5.990000360556107e-09
2024-06-13 15-23-09.png,-3.448333548366598e-09
2024-06-13 15-23-10.png,0.01860546679656668
2024-06-13 15-23-10.png,0.0009245177629139881
2024-06-13 15-23-10.png,4.6986594675340804e-05
2024-06-13 15-23-11.png,2.1488783406813665e-06
2024-06-13 15-23-11.png,6.693120787856387e-08
2024-06-13 15-23-11.png,-1.1896583657189716e-08
2024-06-13 15-23-12.png,-9.623670087753435e-09
2024-06-13 15-23-12.png,-6.303821664501887e-10
2024-06-13 15-23-12.png,8.888496990775543e-09
2024-06-13 15-23-13.png,1.717733784586489e-08
2024-06-13 15-23-13.png,2.3091805281236326e-08
2024-06-13 15-23-13.png,2.5818936229408584e-08
2024-06-13 15-23-14.png,2.498287069629516e-08
2024-06-13 15-23-14.png,0.014884518405227296
2024-06-13 15-23-14.png,0.000739368313805795
2024-06-13 15-23-15.png,3.7605281307143436e-05
2024-06-13 15-23-15.png,1.7351651310210642e-06
2024-06-13 15-23-15.png,5.8177119100054735e-08
2024-06-13 15-23-16.png,-1.6430445462944238e-08
2024-06-13 15-23-16.png,-2.5241983458650818e-08
2024-06-13 15-23-16.png,-2.627400245025583e-08
2024-06-13 15-23-17.png,-2.3337573063366012e-08
2024-06-13 15-23-17.png,-0.018605496409847672
2024-06-13 15-23-17.png,-0.0009245463783813278
2024-06-13 15-23-18.png,-4.70103599401744e-05
2024-06-13 15-23-18.png,-2.164539061301324e-06
2024-06-13 15-23-18.png,-0.003721130678127814
2024-06-13 15-23-19.png,-0.00018481677765337678
2024-06-13 15-23-19.png,-9.374714099772187e-06
2024-06-13 15-23-19.png,-0.018605890531673143
2024-06-13 15-23-20.png,-0.000924536819063276
2024-06-13 15-23-20.png,-4.7000781339766816e-05
2024-06-13 15-23-20.png,-2.172120279160086e-06
2024-06-13 15-23-21.png,-9.712080249141561e-08
2024-06-13 15-23-21.png,-2.1186444755042904e-08
2024-06-13 15-23-21.png,-2.1811022806790236e-08
2024-06-13 15-23-22.png,-2.4840608248770147e-08
2024-06-13 15-23-22.png,-2.4902082643251617e-08
2024-06-13 15-23-22.png,-2.1542303271665617e-08
2024-06-13 15-23-23.png,-1.5221270607355923e-08
